<?xml version="1.0" encoding="UTF-8"?>
<GenRun Id="impl_1" LaunchPart="xc7a35tcpg236-1" LaunchTime="1728963865">
  <File Type="BITSTR-BMM" Name="calculator_bd.bmm"/>
  <File Type="OPT-METHODOLOGY-DRC" Name="calculator_methodology_drc_opted.rpt"/>
  <File Type="INIT-TIMING" Name="calculator_timing_summary_init.rpt"/>
  <File Type="ROUTE-PWR" Name="calculator_power_routed.rpt"/>
  <File Type="PA-TCL" Name="calculator.tcl"/>
  <File Type="OPT-TIMING" Name="calculator_timing_summary_opted.rpt"/>
  <File Type="OPT-DCP" Name="calculator_opt.dcp"/>
  <File Type="ROUTE-PWR-SUM" Name="calculator_power_summary_routed.pb"/>
  <File Type="REPORTS-TCL" Name="calculator_reports.tcl"/>
  <File Type="OPT-DRC" Name="calculator_drc_opted.rpt"/>
  <File Type="OPT-HWDEF" Name="calculator.hwdef"/>
  <File Type="PWROPT-DCP" Name="calculator_pwropt.dcp"/>
  <File Type="PWROPT-DRC" Name="calculator_drc_pwropted.rpt"/>
  <File Type="PWROPT-TIMING" Name="calculator_timing_summary_pwropted.rpt"/>
  <File Type="PLACE-DCP" Name="calculator_placed.dcp"/>
  <File Type="PLACE-IO" Name="calculator_io_placed.rpt"/>
  <File Type="PLACE-CLK" Name="calculator_clock_utilization_placed.rpt"/>
  <File Type="PLACE-UTIL" Name="calculator_utilization_placed.rpt"/>
  <File Type="PLACE-UTIL-PB" Name="calculator_utilization_placed.pb"/>
  <File Type="PLACE-CTRL" Name="calculator_control_sets_placed.rpt"/>
  <File Type="PLACE-SIMILARITY" Name="calculator_incremental_reuse_placed.rpt"/>
  <File Type="PLACE-PRE-SIMILARITY" Name="calculator_incremental_reuse_pre_placed.rpt"/>
  <File Type="BG-BGN" Name="calculator.bgn"/>
  <File Type="PLACE-TIMING" Name="calculator_timing_summary_placed.rpt"/>
  <File Type="POSTPLACE-PWROPT-DCP" Name="calculator_postplace_pwropt.dcp"/>
  <File Type="BG-BIN" Name="calculator.bin"/>
  <File Type="POSTPLACE-PWROPT-TIMING" Name="calculator_timing_summary_postplace_pwropted.rpt"/>
  <File Type="PHYSOPT-DCP" Name="calculator_physopt.dcp"/>
  <File Type="PHYSOPT-DRC" Name="calculator_drc_physopted.rpt"/>
  <File Type="BITSTR-MSK" Name="calculator.msk"/>
  <File Type="PHYSOPT-TIMING" Name="calculator_timing_summary_physopted.rpt"/>
  <File Type="ROUTE-ERROR-DCP" Name="calculator_routed_error.dcp"/>
  <File Type="ROUTE-DCP" Name="calculator_routed.dcp"/>
  <File Type="ROUTE-BLACKBOX-DCP" Name="calculator_routed_bb.dcp"/>
  <File Type="ROUTE-DRC" Name="calculator_drc_routed.rpt"/>
  <File Type="ROUTE-DRC-PB" Name="calculator_drc_routed.pb"/>
  <File Type="BITSTR-LTX" Name="debug_nets.ltx"/>
  <File Type="BITSTR-LTX" Name="calculator.ltx"/>
  <File Type="ROUTE-DRC-RPX" Name="calculator_drc_routed.rpx"/>
  <File Type="BITSTR-MMI" Name="calculator.mmi"/>
  <File Type="ROUTE-METHODOLOGY-DRC" Name="calculator_methodology_drc_routed.rpt"/>
  <File Type="ROUTE-METHODOLOGY-DRC-RPX" Name="calculator_methodology_drc_routed.rpx"/>
  <File Type="BITSTR-SYSDEF" Name="calculator.sysdef"/>
  <File Type="ROUTE-METHODOLOGY-DRC-PB" Name="calculator_methodology_drc_routed.pb"/>
  <File Type="ROUTE-PWR-RPX" Name="calculator_power_routed.rpx"/>
  <File Type="ROUTE-STATUS" Name="calculator_route_status.rpt"/>
  <File Type="ROUTE-STATUS-PB" Name="calculator_route_status.pb"/>
  <File Type="ROUTE-TIMINGSUMMARY" Name="calculator_timing_summary_routed.rpt"/>
  <File Type="ROUTE-TIMING-PB" Name="calculator_timing_summary_routed.pb"/>
  <File Type="ROUTE-TIMING-RPX" Name="calculator_timing_summary_routed.rpx"/>
  <File Type="ROUTE-SIMILARITY" Name="calculator_incremental_reuse_routed.rpt"/>
  <File Type="ROUTE-CLK" Name="calculator_clock_utilization_routed.rpt"/>
  <File Type="ROUTE-BUS-SKEW" Name="calculator_bus_skew_routed.rpt"/>
  <File Type="ROUTE-BUS-SKEW-PB" Name="calculator_bus_skew_routed.pb"/>
  <File Type="ROUTE-BUS-SKEW-RPX" Name="calculator_bus_skew_routed.rpx"/>
  <File Type="POSTROUTE-PHYSOPT-DCP" Name="calculator_postroute_physopt.dcp"/>
  <File Type="POSTROUTE-PHYSOPT-BLACKBOX-DCP" Name="calculator_postroute_physopt_bb.dcp"/>
  <File Type="POSTROUTE-PHYSOPT-TIMING" Name="calculator_timing_summary_postroute_physopted.rpt"/>
  <File Type="POSTROUTE-PHYSOPT-TIMING-PB" Name="calculator_timing_summary_postroute_physopted.pb"/>
  <File Type="POSTROUTE-PHYSOPT-TIMING-RPX" Name="calculator_timing_summary_postroute_physopted.rpx"/>
  <File Type="POSTROUTE-PHYSOPT-BUS-SKEW" Name="calculator_bus_skew_postroute_physopted.rpt"/>
  <File Type="POSTROUTE-PHYSOPT-BUS-SKEW-PB" Name="calculator_bus_skew_postroute_physopted.pb"/>
  <File Type="BG-BIT" Name="calculator.bit"/>
  <File Type="POSTROUTE-PHYSOPT-BUS-SKEW-RPX" Name="calculator_bus_skew_postroute_physopted.rpx"/>
  <File Type="BITSTR-RBT" Name="calculator.rbt"/>
  <File Type="BITSTR-NKY" Name="calculator.nky"/>
  <File Type="BG-DRC" Name="calculator.drc"/>
  <File Type="RDI-RDI" Name="calculator.vdi"/>
  <File Type="WBT-USG" Name="usage_statistics_webtalk.html"/>
  <FileSet Name="sources" Type="DesignSrcs" RelSrcDir="$PSRCDIR/sources_1">
    <Filter Type="Srcs"/>
    <File Path="$PSRCDIR/sources_1/new/alu.sv">
      <FileInfo>
        <Attr Name="UsedIn" Val="synthesis"/>
        <Attr Name="UsedIn" Val="implementation"/>
        <Attr Name="UsedIn" Val="simulation"/>
      </FileInfo>
    </File>
    <File Path="$PSRCDIR/sources_1/new/control_logic.sv">
      <FileInfo>
        <Attr Name="UsedIn" Val="synthesis"/>
        <Attr Name="UsedIn" Val="implementation"/>
        <Attr Name="UsedIn" Val="simulation"/>
      </FileInfo>
    </File>
    <File Path="$PSRCDIR/sources_1/new/digit_conversion.sv">
      <FileInfo>
        <Attr Name="UsedIn" Val="synthesis"/>
        <Attr Name="UsedIn" Val="implementation"/>
        <Attr Name="UsedIn" Val="simulation"/>
      </FileInfo>
    </File>
    <File Path="$PSRCDIR/sources_1/new/display_control.sv">
      <FileInfo>
        <Attr Name="ImportPath" Val="$PPRDIR/../project_1/project_1.srcs/sources_1/new/display_control.sv"/>
        <Attr Name="ImportTime" Val="1727958582"/>
        <Attr Name="UsedIn" Val="synthesis"/>
        <Attr Name="UsedIn" Val="implementation"/>
        <Attr Name="UsedIn" Val="simulation"/>
      </FileInfo>
    </File>
    <File Path="$PSRCDIR/sources_1/new/full_adder.sv">
      <FileInfo>
        <Attr Name="UsedIn" Val="synthesis"/>
        <Attr Name="UsedIn" Val="implementation"/>
        <Attr Name="UsedIn" Val="simulation"/>
      </FileInfo>
    </File>
    <File Path="$PSRCDIR/sources_1/new/input_handler.sv">
      <FileInfo>
        <Attr Name="UsedIn" Val="synthesis"/>
        <Attr Name="UsedIn" Val="implementation"/>
        <Attr Name="UsedIn" Val="simulation"/>
      </FileInfo>
    </File>
    <File Path="$PSRCDIR/sources_1/new/state_machine.sv">
      <FileInfo>
        <Attr Name="UsedIn" Val="synthesis"/>
        <Attr Name="UsedIn" Val="implementation"/>
        <Attr Name="UsedIn" Val="simulation"/>
      </FileInfo>
    </File>
    <File Path="$PSRCDIR/sources_1/new/calculator.sv">
      <FileInfo>
        <Attr Name="UsedIn" Val="synthesis"/>
        <Attr Name="UsedIn" Val="implementation"/>
        <Attr Name="UsedIn" Val="simulation"/>
      </FileInfo>
    </File>
    <Config>
      <Option Name="DesignMode" Val="RTL"/>
      <Option Name="TopModule" Val="calculator"/>
    </Config>
  </FileSet>
  <FileSet Name="constrs_in" Type="Constrs" RelSrcDir="$PSRCDIR/constrs_1">
    <Filter Type="Constrs"/>
    <File Path="$PSRCDIR/constrs_1/new/basys3.xdc">
      <FileInfo>
        <Attr Name="ImportPath" Val="$PPRDIR/../project_1/project_1.srcs/constrs_1/new/basys3.xdc"/>
        <Attr Name="ImportTime" Val="1727953145"/>
        <Attr Name="UsedIn" Val="synthesis"/>
        <Attr Name="UsedIn" Val="implementation"/>
      </FileInfo>
    </File>
    <Config>
      <Option Name="ConstrsType" Val="XDC"/>
    </Config>
  </FileSet>
  <FileSet Name="utils" Type="Utils" RelSrcDir="$PSRCDIR/utils_1">
    <Filter Type="Utils"/>
    <Config>
      <Option Name="TopAutoSet" Val="TRUE"/>
    </Config>
  </FileSet>
  <Strategy Version="1" Minor="2">
    <StratHandle Name="Vivado Implementation Defaults" Flow="Vivado Implementation 2018"/>
    <Step Id="init_design"/>
    <Step Id="opt_design"/>
    <Step Id="power_opt_design"/>
    <Step Id="place_design"/>
    <Step Id="post_place_power_opt_design"/>
    <Step Id="phys_opt_design"/>
    <Step Id="route_design"/>
    <Step Id="post_route_phys_opt_design"/>
    <Step Id="write_bitstream"/>
  </Strategy>
</GenRun>
